#,CATEGORY,NAME,MATERIAL,COLOR,CHARACTERISTICS,PURCHASED,LOCATION
1,Animal Skin,Faux Croc Skin,100% PVC,Brown/Yellow,,JoAnn's,A
2,Animal Skin,Faux Leather,100% Polyester,Black,Glossy one side,Vogue,A
3,Animal Skin,Genuine Snake Skin,Skin,Snake,Scaly Skin,Implora,D1
4,Animal Skin,Leather/Suede,,Black,Smooth,JoAnn's,A
5,Animal Skin,Leathery Dots,100% PVC,Brown/Yellow,,JoAnn's,A
6,Animal Skin,Rabbit Fur(Brown/White),Hide,Brown/White,Fur,,A
7,Animal Skin,Rabbit Fur (White),Hide,White,Fur,,D1
8,Animal Skin,Salvator Monitor,Skin,Cream,Lizard Skin,Implora,D1
9,Animal Skin,StingRay,Skin,Black/Silver,Skin,,D1
10,Animal Skin,Possum Fur,Skin,Dark brown/cream,Fur,Fur,D1
11,Animal Skin,Leather/Suede (suede side),,Black,Rough,,see 4
12,,,,,,,
13,,,,,,,
14,,,,,,,
15,Clothing,Corduroy (Black/thin stripe),,Black,Thin Stripes,,
16,Clothing,Careerwear Flannel,100% Cotton,Blue,Soft,Vogue,A
17,Clothing,Chiffon,,OrangeBrown,,TDO,A
18,Clothing,Corduroy (Black/thick stripe),,Black,Thick Stripes,,A
19,Clothing,Corduroy (Light Blue/ thin stripe),100% Cotton,Blue,Very thin stripes,Vogue,A
20,Clothing,Corduroy-Patterned (Black),,Black,Patterned,,A
21,Clothing,Cotton Twill,100% Cotton,Beige,,JoAnn's,A
22,Clothing,Denim (Blue),70Cotton/28Poly/2Spandex,Blue,,JoAnn's,A
23,Clothing,Denim (Dark Blue),100% Cotton,Dark Black/Blue,,Vogue,A
24,Clothing,Denim Stretch,Cotton/Lycra Blend,Dark Blue,,Vogue,A
25,Clothing,Jersey,Cotton/Jersey Blend,Heather Grey,,,A
26,Clothing,Stretchy Grey,,Grey/White,Stretchy Stripe,,A
27,Clothing,Swimwear Lining,90Poly/10Spandex,Black,,JoAnn's,A
28,Clothing,Taffeta,,Steel BlueGrey,Metallicy,,A
29,,,,,,,
30,Fleece/Wool,Singlefold Snowflake Fleece (knit side),100% Polyester,White,,,see 36
31,Fleece/Wool,Blizzard Fleece (Grey),100% Polyester,Grey,,JoAnn's,A
32,Fleece/Wool,Designer Wool,100% Wool,Dark Green,,,A
33,Fleece/Wool,Felt (Brown),20% Wool,Brown,,JoAnn's,A
34,Fleece/Wool,Felt (Tan),35% Wool,Tan,,JoAnn's,A
35,Fleece/Wool,Microsuede,100% Polyester,Grey,,JoAnn's,A
36,Fleece/Wool,Singlefold Snowflake Fleece (fuzzy side),100% Polyester,White,One sided,,A
37,Fleece/Wool,Suede Cuddle (suede side),100% Polyester,Black/Grey,Suede/Fleece,Vogue,A
38,Fleece/Wool,Wool Blend,Wool Blend,Brown,Striped/textured,Vogue,A
39,Fleece/Wool,Wool Crepe,100% Wool,Blue,,Vogue,A
40,Fleece/Wool,Worsted Flannel ,100% Wool,Light Tan,,,A
41,Fleece/Wool,Wool Gaberdine,,Dark Purple,,,A
42,,,,,,,
43,,,,,,,
44,,,,,,,
45,,,,,,,
46,Knit,Blue Knit,,Blue,,,A
47,Knit,Purple Knit,assorted fibers,Pink/White/Black,Wide knit/striped,Vogue,A
48,Knit,Striped Knit (Pink),,Bright Pink,Wide raised stripes,,A
49,Knit,Striped Knit (Red/green),,Red/Green,Striped,,A
50,Knit,White Knit,,White Sparkly,,,A
51,,,,,,,
52,,,,,,,
53,,,,,,,
54,,,,,,,
55,,,,,,,
56,,,,,,,
57,,,,,,,
58,,,,,,,
59,,,,,,,
60,,,,,,,
61,Lace,Fine Lace,,White,Smalldots/stretchy,,B
62,Lace,Soiree (Green/black),,Green/Black,Stretchy,Vogue,B
63,Lace,Soiree (Pink),,Pink ,Stretchy,Vogue,B
64,Lace,Soiree (Teal/brown),,Teal/Brown,Stretchy,Vogue,B
65,Lace,Sparkly Lace,,White/Glitter,Raised Dots,,B
66,,,,,,,
67,,,,,,,
68,,,,,,,
69,,,,,,,
70,,,,,,,
71,,,,,,,
72,,,,,,,
73,,,,,,,
74,,,,,,,
75,,,,,,,
76,Linen,Black Linen,Linen,Black,,,B
77,Linen,Linen (white),Linen,Antique White,,,B
78,Linen,Linen Blend (Green),55 Linen/45Rayon,Green,,,B
79,Linen,Linen Blend (Light pink),Linen Blend,Light pink,,TDO,B
80,Linen,Metallic Linen,55Linen/45Cotten,Brown ,Metallic one side,Vogue,B
81,Linen,Pure Imported Linen,100%Linen,Brown ,,Vogue,B
82,,,,,,,
83,,,,,,,
84,,,,,,,
85,,,,,,,
86,,,,,,,
87,,,,,,,
88,,,,,,,
89,,,,,,,
90,,,,,,,B
91,Mesh/Net,Dotted Mesh (Turquoise),,Turquoise,Dotted Mesh,,B
92,Mesh/Net,Organza,,Purple,,TDO,B
93,Mesh/Net,Scrubble Mesh,100% Nylon,Black,Large Mesh,JoAnn's,B
94,Mesh/Net,Tulle (Black),,Black,,,B
95,,,,,,,
96,,,,,,,
97,,,,,,,
98,,,,,,,
99,Misc,Craft foam,,purple,spongey,,
100,Misc,Neoprene,,black,thin,,
101,Misc,Thick silicone,silicone,red,thick,,
102,Misc,Thin silicone,Silicone,red,thin,,
103,Misc,Ballon,Laytex,White,,,
104,misc,Drapery Tape (Foam Side),,Cream,Foamy,,
105,Misc,Computer Paper,Paper,White,Smooth,,
106,Misc,Bumpy Polyester fabric,Polyester,White,Bumpy,Vogue,B
107,Misc,Bunchy,,Black/Gold,,,B
108,Misc,City Lights,Polyester,Black/Brown,Square pattern,Vogue,B
109,Misc,Designer,60Acetate/40polyester,Black,Diamond pattern,,B
110,Misc,Dolce Ruffle,Polyester,Grey,Ruffle stripes,Vogue,B
111,Misc,Flag Banner,Nylon,Black,,Vogue,B
112,Misc,Hucktowel,100% Cotton,White,Textured,JoAnn's,B
113,Misc,Ruffle (Copper),,Copper,Bunchy ruffle,,B
114,Misc,Shimmery,,Copper/Black,Light/Seethrough,,B
115,Misc,Sunbrella,Acrylic,White,Slightly Rough,Vogue,B
116,Misc,Velcro,,Black,Rough,,B
117,Misc,Wood/Bark,Wood,,,,D2
118,Misc,Bumpy Wrapping paper,Paper,Purple irridecent ,Bumpy,,D3
119,Misc,Butcher Paper,Paper,Brown ,Smooth ,,D3
120,Misc,Parchment Paper,Paper,White/Black,Smooth,,D3
121,Sandpaper,150 Grit Sandpaper,Sandpaper,Maroon,Gritty,,D3
122,Sandpaper,240 Grit Sandpaper,Sandpaper,Maroon,Gritty,,D3
123,Sandpaper,320 Grit Sandpaper,Sandpaper,Maroon,Gritty,,D3
124,Sandpaper,400 Grit Sandpaper,Sandpaper,Maroon,Gritty,,D3
125,Sandpaper,600 Grit Sandpaper,Sandpaper,Maroon,Gritty,,D3
126,Sandpaper,Emory Cloth,Emory,Black,Gritty,,D3
127,Sandpaper,800 Grit Sandpaper,Sandpaper,Green,Gritty,,D4
128,Sandpaper,1200 Grit Sandpaper,Sandpaper,Green,Gritty,,D5
129,Sandpaper,2000 Grit Sandpaper,Sandpaper,Green,Gritty,,D6
130,Sandpaper,Unknown Sandpaper,Sandpaper,Green,Gritty,,D7
131,,,,,,,
132,,,,,,,
133,,,,,,,
134,,,,,,,
135,Silk/Satin,Silk jacquard,,Cream,,,
136,Silk/Satin,Baby Silk (Teal),100% Silk,Teal,,JoAnn's,B
137,Silk/Satin,Crinkled Silk,100% Silk,Turquoise,,Vogue,B
138,Silk/Satin,Metallic Silk (Purple/Gold),Silk/Metal,Purple/Gold,,Vogue,B
139,Silk/Satin,Metallic Silk (Silver),Silk/Metal,Silver,,Vogue,B
140,Silk/Satin,Natural Silk,Silk,White,,Vogue,B
141,Silk/Satin,Black Satin,80Poly/20Cotton,Black,Flannel back,JoAnn's,B
142,Silk/Satin,Silver Satin,,Silver,Glossy one side,,B
143,Silk/Satin,Black Shanghai Silk,100% Silk,Black,,,B
144,Silk/Satin,Tan Silk,65Silk/32Cotton/3Lycra,Tan,,,B
145,Silk/Satin,Yellow Silk Twill,100% Silk,Yellow,Diagonal pattern,,B
146,,,,,,,
147,,,,,,,
148,,,,,,,
149,,,,,,,
150,Upholstery,Ruby Dots (backing),,Ruby,,,See 165
151,Upholstery,#1 Orange/Red Upholstery,,Orange/Red,Striped/textured,TDO,C
152,Upholstery,#12 Green/Beige Upholstery,,Green/Beige,Striped/textured,TDO,C
153,Upholstery,#5 Tan Upholstery,,Tan,Striped/textured,TDO,C
154,Upholstery,Blue upholestory,assorted fibers,Blue,Striped/textured,Vogue,C
155,Upholstery,Bollywood squares Upholstery,,Multi,Striped/textured,JoAnn's,C
156,Upholstery,Butterscotch Stripes Upholstery,,Tan/Red,Striped/textured,JoAnn's,C
157,Upholstery,Cashew Stripes Upholstery,,Brown/Tan/Gold,Square/textured,JoAnn's,C
158,Upholstery,Green Polartec Upholstery,,Olive,Square/textured,Vogue,C
159,Upholstery,Headliner Drappery,100% Nylon,Taupe,Foamy,JoAnn's,C
160,Upholstery,Heavy Weave Upholstery,,Beige,Heavy Weave,,C
161,Upholstery,Onyx Pavillion Upholstery,assorted fibers,White/Black,Textured,Vogue,C
162,Upholstery,Red Square Upholstery,,Red/Gold,Square/textured,,C
163,Upholstery,Salem Upholstery,,Beige,Striped/textured,Vogue,C
164,Upholstery,Muted Red Striped Upholstery,Cotton Blend,Muted Red,Large Stripes,Vogue,C
165,Upholstery,Ruby Dots Upholstery,,Ruby,Dots,JoAnn's,C
166,Velvet,Black Crushed Velvet,,Black,Crushed,,B
167,Velvet,Bright Green Dotted Velvet,,Bright Green,Raised Dots,JoAnn's,B
168,Velvet,Premier Velvet,100% Polyester,Maroon,,JoAnn's,B
169,Velvet,Stretch Vevet,,Black,Stretch,,B
170,Velvet,Black Velvet,,Black,,TDO,B
171,Velvet,Empire Velveteen ,Second version ,Red,,JoAnn's,B
172,Velvet,Purple Velour,,Purple,,,
173,,,,,,,
174,,,,,,,
175,,,,,,,
176,,,,,,,
177,,,,,,,
178,,,,,,,
179,,,,,,,
180,Vinyl,Sparkly Vinyl (backing),Vinyl,Grey,ThinRidges,,See 183
181,Vinyl,12 Gauge Vinyl,Vinyl,Frosted,Smooth ,JoAnn's,C
182,Vinyl,8 Gauge Vinyl,Vinyl,Clear,Smooth ,JoAnn's,C
183,Vinyl,Sparkly Vinyl,Vinyl,Black/Silver,Smooth/ThinRidges,,C
184,Vinyl,20 Gauge Vinyl,Vinyl,Clear,Smooth,JoAnn's,C
185,,,,,,,
186,,,,,,,
187,3D/Embossed,Embossed Dots 4mm,Photolithography,Clear (yellowish),Dots,,
188,3D/Embossed,Embossed Dots 5mm,Photolithography,Clear (yellowish),Dots,,
189,3D/Embossed,Dots / Blank,Acrylic,Clear,model: dots_5.5_D_sphere,Shapeways,
190,3D/Embossed,Dots / 1 mm Grating,Acrylic,Clear,model: sine_1_dots_raised_B,Shapeways,
191,3D/Embossed,Dots / .5 mm Grating,Acrylic,Clear,model: sine_.5_dots_raised_B,Shapeways,
192,3D/Embossed,Blank,Acrylic,Clear,model: blank_B,Shapeways,
193,3D/Embossed,Grating 5 mm,Acrylic,Clear,model: sine_5_B,Shapeways,
194,3D/Embossed,Grating 1 mm,Acrylic,Clear,model: sine_1_B,Shapeways,
195,3D/Embossed,Grating .5 mm,Acrylic,Clear,model: sine_.5_B,Shapeways,
196,3D/Embossed,Grating 5 mm / 1 mm,Acrylic,Clear,model: sine_1_5_E,Shapeways,
197,3D/Embossed,Grating 5 mm / .5 mm,Acrylic,Clear,model: sine_.5_5_E,Shapeways,
198,3D/Embossed,Random Dots 1 (Double),Acrylic,Clear,model: random_assembly_.5_thin,Shapeways,
199,3D/Embossed,Random Dots 2 (Double),Acrylic,Clear,model: random_assembly_.5_thin,Shapeways,
200,3D/Embossed,Embossed Dots 6 mm,Photolithography,Clear (yellowish),Dots,,
201,3D/Embossed,Embossed Dots 3 mm,Photolithography,Clear (yellowish),Dots,,
202,3D/Embossed,Embossed Dots 2 mm,Photolithography,Clear (yellowish),Dots,,
203,3D/Embossed,Grating 12 mm,Photolithography,Clear (yellowish),Grating,,
204,3D/Embossed,Grating 8 mm,Photolithography,Clear (yellowish),Grating,,
205,3D/Embossed,Grating 5 mm,Photolithography,Clear (yellowish),Grating,,
206,3D/Embossed,Grating 3 mm,Photolithography,Clear (yellowish),Grating,,
207,3D/Embossed,Grating .6 mm,Acrylic,Clear,,,
208,3D/Embossed,Grating .3 mm,Acrylic,Clear,,,
209,3D/Embossed,Grating .8 mm,Acrylic,Clear,,,
210,3D/Embossed,Grating 1.2 mm,Acrylic,Clear,,,
211,3D/Embossed,Dots / .6 mm Grating,Acrylic,Clear,,,
212,3D/Embossed,Dots / .8 mm Grating,Acrylic,Clear,,,
213,3D/Embossed,Dots / 1.2 mm Grating,Acrylic,Clear,,,
214,3D/Embossed,Grating 1 mm,Photolithography,Clear (yellowish),Grating,,
215,3D/Embossed,Grating 1.4 mm,Acrylic,Clear,,,
216,3D/Embossed,Grating 1.6 mm,Acrylic,Clear,,,
217,3D/Embossed,Grating 1.8 mm,Acrylic,Clear,,,
218,3D/Embossed,Dots/ 1.4 mm Grating,Acrylic,Clear,,,
219,3D/Embossed,Dots/ 1.6 mm Grating,Acrylic,Clear,,,
220,3D/Embossed,Dots/ 1.8 mm Grating,Acrylic,Clear,,,
